survey,survey_n,model_sedimentation_class,threshold_cm,threshold_label,transect,n_meters,positive_meter_positions,negative_meter_positions,positive_area,negative_area,net_positive_area
Con1,1,0 cm predicted (outside),0.15,0.15 cm (1.5 mm),ST1,51,14,25,0.27450980392156865,0.49019607843137253,-0.21568627450980388
Con1,1,0 cm predicted (outside),0.5,0.5 cm,ST1,51,9,16,0.17647058823529413,0.3137254901960784,-0.1372549019607843
Con1,1,0 cm predicted (outside),1,1.0 cm,ST1,51,4,5,0.0784313725490196,0.09803921568627451,-0.0196078431372549
Con1,1,0 cm predicted (outside),0.15,0.15 cm (1.5 mm),ST2,51,13,30,0.2549019607843137,0.5882352941176471,-0.33333333333333337
Con1,1,0 cm predicted (outside),0.5,0.5 cm,ST2,51,6,22,0.11764705882352941,0.43137254901960786,-0.3137254901960784
Con1,1,0 cm predicted (outside),1,1.0 cm,ST2,51,1,14,0.0196078431372549,0.27450980392156865,-0.25490196078431376
Con1,1,1.0 cm predicted (dashed red),0.15,0.15 cm (1.5 mm),ST22,51,13,34,0.2549019607843137,0.6666666666666666,-0.4117647058823529
Con1,1,1.0 cm predicted (dashed red),0.5,0.5 cm,ST22,51,7,25,0.13725490196078433,0.49019607843137253,-0.3529411764705882
Con1,1,1.0 cm predicted (dashed red),1,1.0 cm,ST22,51,3,17,0.058823529411764705,0.3333333333333333,-0.2745098039215686
Con1,1,1.5 mm predicted (solid red),0.15,0.15 cm (1.5 mm),ST28,51,21,25,0.4117647058823529,0.49019607843137253,-0.0784313725490196
Con1,1,1.5 mm predicted (solid red),0.5,0.5 cm,ST28,51,11,18,0.21568627450980393,0.35294117647058826,-0.13725490196078433
Con1,1,1.5 mm predicted (solid red),1,1.0 cm,ST28,51,6,6,0.11764705882352941,0.11764705882352941,0
Con1,1,1.0 cm predicted (dashed red),0.15,0.15 cm (1.5 mm),ST31,51,16,34,0.3137254901960784,0.6666666666666666,-0.3529411764705882
Con1,1,1.0 cm predicted (dashed red),0.5,0.5 cm,ST31,51,12,30,0.23529411764705882,0.5882352941176471,-0.35294117647058826
Con1,1,1.0 cm predicted (dashed red),1,1.0 cm,ST31,51,10,20,0.19607843137254902,0.39215686274509803,-0.19607843137254902
Con1,1,0 cm predicted (outside),0.15,0.15 cm (1.5 mm),ST34,51,29,21,0.5686274509803921,0.4117647058823529,0.1568627450980392
Con1,1,0 cm predicted (outside),0.5,0.5 cm,ST34,51,23,18,0.45098039215686275,0.35294117647058826,0.0980392156862745
Con1,1,0 cm predicted (outside),1,1.0 cm,ST34,51,15,17,0.29411764705882354,0.3333333333333333,-0.039215686274509776
Con1,1,0 cm predicted (outside),0.15,0.15 cm (1.5 mm),ST35,51,19,21,0.37254901960784315,0.4117647058823529,-0.039215686274509776
Con1,1,0 cm predicted (outside),0.5,0.5 cm,ST35,51,3,12,0.058823529411764705,0.23529411764705882,-0.1764705882352941
Con1,1,0 cm predicted (outside),1,1.0 cm,ST35,51,0,2,0,0.0392156862745098,-0.0392156862745098
Con1,1,0 cm predicted (outside),0.15,0.15 cm (1.5 mm),ST36,51,13,35,0.2549019607843137,0.6862745098039216,-0.43137254901960786
Con1,1,0 cm predicted (outside),0.5,0.5 cm,ST36,51,10,25,0.19607843137254902,0.49019607843137253,-0.2941176470588235
Con1,1,0 cm predicted (outside),1,1.0 cm,ST36,51,4,17,0.0784313725490196,0.3333333333333333,-0.2549019607843137
Con1,1,0 cm predicted (outside),0.15,0.15 cm (1.5 mm),ST38,51,15,32,0.29411764705882354,0.6274509803921569,-0.3333333333333333
Con1,1,0 cm predicted (outside),0.5,0.5 cm,ST38,51,3,25,0.058823529411764705,0.49019607843137253,-0.4313725490196078
Con1,1,0 cm predicted (outside),1,1.0 cm,ST38,51,0,13,0,0.2549019607843137,-0.2549019607843137
Con1,1,0 cm predicted (outside),0.15,0.15 cm (1.5 mm),ST4,51,12,34,0.23529411764705882,0.6666666666666666,-0.4313725490196078
Con1,1,0 cm predicted (outside),0.5,0.5 cm,ST4,51,11,28,0.21568627450980393,0.5490196078431373,-0.33333333333333337
Con1,1,0 cm predicted (outside),1,1.0 cm,ST4,51,9,22,0.17647058823529413,0.43137254901960786,-0.2549019607843137
Con1,1,0 cm predicted (outside),0.15,0.15 cm (1.5 mm),ST40,51,20,18,0.39215686274509803,0.35294117647058826,0.039215686274509776
Con1,1,0 cm predicted (outside),0.5,0.5 cm,ST40,51,9,5,0.17647058823529413,0.09803921568627451,0.07843137254901962
Con1,1,0 cm predicted (outside),1,1.0 cm,ST40,51,3,1,0.058823529411764705,0.0196078431372549,0.0392156862745098
Con1,1,0 cm predicted (outside),0.15,0.15 cm (1.5 mm),ST45,51,7,35,0.13725490196078433,0.6862745098039216,-0.5490196078431373
Con1,1,0 cm predicted (outside),0.5,0.5 cm,ST45,51,5,14,0.09803921568627451,0.27450980392156865,-0.17647058823529416
Con1,1,0 cm predicted (outside),1,1.0 cm,ST45,51,3,4,0.058823529411764705,0.0784313725490196,-0.0196078431372549
Con1,1,1.5 mm predicted (solid red),0.15,0.15 cm (1.5 mm),ST5,51,20,26,0.39215686274509803,0.5098039215686274,-0.11764705882352938
Con1,1,1.5 mm predicted (solid red),0.5,0.5 cm,ST5,51,10,15,0.19607843137254902,0.29411764705882354,-0.09803921568627452
Con1,1,1.5 mm predicted (solid red),1,1.0 cm,ST5,51,5,9,0.09803921568627451,0.17647058823529413,-0.07843137254901962
Con2,2,0 cm predicted (outside),0.15,0.15 cm (1.5 mm),ST1,51,12,29,0.23529411764705882,0.5686274509803921,-0.3333333333333333
Con2,2,0 cm predicted (outside),0.5,0.5 cm,ST1,51,6,16,0.11764705882352941,0.3137254901960784,-0.19607843137254902
Con2,2,0 cm predicted (outside),1,1.0 cm,ST1,51,3,6,0.058823529411764705,0.11764705882352941,-0.058823529411764705
Con2,2,0 cm predicted (outside),0.15,0.15 cm (1.5 mm),ST2,51,12,31,0.23529411764705882,0.6078431372549019,-0.3725490196078431
Con2,2,0 cm predicted (outside),0.5,0.5 cm,ST2,51,3,24,0.058823529411764705,0.47058823529411764,-0.4117647058823529
Con2,2,0 cm predicted (outside),1,1.0 cm,ST2,51,2,13,0.0392156862745098,0.2549019607843137,-0.2156862745098039
Con2,2,1.0 cm predicted (dashed red),0.15,0.15 cm (1.5 mm),ST22,51,8,40,0.1568627450980392,0.7843137254901961,-0.6274509803921569
Con2,2,1.0 cm predicted (dashed red),0.5,0.5 cm,ST22,51,4,38,0.0784313725490196,0.7450980392156863,-0.6666666666666667
Con2,2,1.0 cm predicted (dashed red),1,1.0 cm,ST22,51,1,29,0.0196078431372549,0.5686274509803921,-0.5490196078431372
Con2,2,1.5 mm predicted (solid red),0.15,0.15 cm (1.5 mm),ST28,51,30,17,0.5882352941176471,0.3333333333333333,0.25490196078431376
Con2,2,1.5 mm predicted (solid red),0.5,0.5 cm,ST28,51,26,10,0.5098039215686274,0.19607843137254902,0.3137254901960784
Con2,2,1.5 mm predicted (solid red),1,1.0 cm,ST28,51,14,3,0.27450980392156865,0.058823529411764705,0.21568627450980393
Con2,2,1.0 cm predicted (dashed red),0.15,0.15 cm (1.5 mm),ST31,51,22,27,0.43137254901960786,0.5294117647058824,-0.0980392156862745
Con2,2,1.0 cm predicted (dashed red),0.5,0.5 cm,ST31,51,15,21,0.29411764705882354,0.4117647058823529,-0.11764705882352938
Con2,2,1.0 cm predicted (dashed red),1,1.0 cm,ST31,51,11,15,0.21568627450980393,0.29411764705882354,-0.0784313725490196
Con2,2,0 cm predicted (outside),0.15,0.15 cm (1.5 mm),ST34,51,18,30,0.35294117647058826,0.5882352941176471,-0.23529411764705882
Con2,2,0 cm predicted (outside),0.5,0.5 cm,ST34,51,13,22,0.2549019607843137,0.43137254901960786,-0.17647058823529416
Con2,2,0 cm predicted (outside),1,1.0 cm,ST34,51,9,16,0.17647058823529413,0.3137254901960784,-0.1372549019607843
Con2,2,0 cm predicted (outside),0.15,0.15 cm (1.5 mm),ST35,51,9,24,0.17647058823529413,0.47058823529411764,-0.2941176470588235
Con2,2,0 cm predicted (outside),0.5,0.5 cm,ST35,51,1,13,0.0196078431372549,0.2549019607843137,-0.23529411764705882
Con2,2,0 cm predicted (outside),1,1.0 cm,ST35,51,0,4,0,0.0784313725490196,-0.0784313725490196
Con2,2,0 cm predicted (outside),0.15,0.15 cm (1.5 mm),ST36,51,11,38,0.21568627450980393,0.7450980392156863,-0.5294117647058824
Con2,2,0 cm predicted (outside),0.5,0.5 cm,ST36,51,8,31,0.1568627450980392,0.6078431372549019,-0.4509803921568627
Con2,2,0 cm predicted (outside),1,1.0 cm,ST36,51,5,25,0.09803921568627451,0.49019607843137253,-0.39215686274509803
Con2,2,0 cm predicted (outside),0.15,0.15 cm (1.5 mm),ST38,51,6,42,0.11764705882352941,0.8235294117647058,-0.7058823529411764
Con2,2,0 cm predicted (outside),0.5,0.5 cm,ST38,51,1,30,0.0196078431372549,0.5882352941176471,-0.5686274509803921
Con2,2,0 cm predicted (outside),1,1.0 cm,ST38,51,0,17,0,0.3333333333333333,-0.3333333333333333
Con2,2,0 cm predicted (outside),0.15,0.15 cm (1.5 mm),ST4,51,17,25,0.3333333333333333,0.49019607843137253,-0.1568627450980392
Con2,2,0 cm predicted (outside),0.5,0.5 cm,ST4,51,11,21,0.21568627450980393,0.4117647058823529,-0.196078431372549
Con2,2,0 cm predicted (outside),1,1.0 cm,ST4,51,5,13,0.09803921568627451,0.2549019607843137,-0.1568627450980392
Con2,2,0 cm predicted (outside),0.15,0.15 cm (1.5 mm),ST40,51,16,25,0.3137254901960784,0.49019607843137253,-0.1764705882352941
Con2,2,0 cm predicted (outside),0.5,0.5 cm,ST40,51,5,8,0.09803921568627451,0.1568627450980392,-0.058823529411764705
Con2,2,0 cm predicted (outside),1,1.0 cm,ST40,51,2,2,0.0392156862745098,0.0392156862745098,0
Con2,2,0 cm predicted (outside),0.15,0.15 cm (1.5 mm),ST45,51,14,27,0.27450980392156865,0.5294117647058824,-0.2549019607843137
Con2,2,0 cm predicted (outside),0.5,0.5 cm,ST45,51,4,10,0.0784313725490196,0.19607843137254902,-0.11764705882352941
Con2,2,0 cm predicted (outside),1,1.0 cm,ST45,51,1,3,0.0196078431372549,0.058823529411764705,-0.0392156862745098
Con2,2,1.5 mm predicted (solid red),0.15,0.15 cm (1.5 mm),ST5,51,17,22,0.3333333333333333,0.43137254901960786,-0.09803921568627455
Con2,2,1.5 mm predicted (solid red),0.5,0.5 cm,ST5,51,10,13,0.19607843137254902,0.2549019607843137,-0.05882352941176469
Con2,2,1.5 mm predicted (solid red),1,1.0 cm,ST5,51,4,8,0.0784313725490196,0.1568627450980392,-0.0784313725490196
Con3,3,0 cm predicted (outside),0.15,0.15 cm (1.5 mm),ST1,51,17,26,0.3333333333333333,0.5098039215686274,-0.1764705882352941
Con3,3,0 cm predicted (outside),0.5,0.5 cm,ST1,51,8,14,0.1568627450980392,0.27450980392156865,-0.11764705882352944
Con3,3,0 cm predicted (outside),1,1.0 cm,ST1,51,4,6,0.0784313725490196,0.11764705882352941,-0.0392156862745098
Con3,3,0 cm predicted (outside),0.15,0.15 cm (1.5 mm),ST2,51,4,34,0.0784313725490196,0.6666666666666666,-0.588235294117647
Con3,3,0 cm predicted (outside),0.5,0.5 cm,ST2,51,0,21,0,0.4117647058823529,-0.4117647058823529
Con3,3,0 cm predicted (outside),1,1.0 cm,ST2,51,0,12,0,0.23529411764705882,-0.23529411764705882
Con3,3,1.0 cm predicted (dashed red),0.15,0.15 cm (1.5 mm),ST22,51,9,41,0.17647058823529413,0.803921568627451,-0.6274509803921569
Con3,3,1.0 cm predicted (dashed red),0.5,0.5 cm,ST22,51,5,34,0.09803921568627451,0.6666666666666666,-0.5686274509803921
Con3,3,1.0 cm predicted (dashed red),1,1.0 cm,ST22,51,3,25,0.058823529411764705,0.49019607843137253,-0.4313725490196078
Con3,3,1.5 mm predicted (solid red),0.15,0.15 cm (1.5 mm),ST28,51,20,24,0.39215686274509803,0.47058823529411764,-0.0784313725490196
Con3,3,1.5 mm predicted (solid red),0.5,0.5 cm,ST28,51,16,16,0.3137254901960784,0.3137254901960784,0
Con3,3,1.5 mm predicted (solid red),1,1.0 cm,ST28,51,10,7,0.19607843137254902,0.13725490196078433,0.05882352941176469
Con3,3,1.0 cm predicted (dashed red),0.15,0.15 cm (1.5 mm),ST31,51,14,33,0.27450980392156865,0.6470588235294118,-0.37254901960784315
Con3,3,1.0 cm predicted (dashed red),0.5,0.5 cm,ST31,51,12,25,0.23529411764705882,0.49019607843137253,-0.2549019607843137
Con3,3,1.0 cm predicted (dashed red),1,1.0 cm,ST31,51,9,19,0.17647058823529413,0.37254901960784315,-0.19607843137254902
Con3,3,0 cm predicted (outside),0.15,0.15 cm (1.5 mm),ST34,51,22,24,0.43137254901960786,0.47058823529411764,-0.039215686274509776
Con3,3,0 cm predicted (outside),0.5,0.5 cm,ST34,51,11,21,0.21568627450980393,0.4117647058823529,-0.196078431372549
Con3,3,0 cm predicted (outside),1,1.0 cm,ST34,51,10,17,0.19607843137254902,0.3333333333333333,-0.1372549019607843
Con3,3,0 cm predicted (outside),0.15,0.15 cm (1.5 mm),ST35,51,15,27,0.29411764705882354,0.5294117647058824,-0.23529411764705882
Con3,3,0 cm predicted (outside),0.5,0.5 cm,ST35,51,2,15,0.0392156862745098,0.29411764705882354,-0.2549019607843137
Con3,3,0 cm predicted (outside),1,1.0 cm,ST35,51,0,6,0,0.11764705882352941,-0.11764705882352941
Con3,3,0 cm predicted (outside),0.15,0.15 cm (1.5 mm),ST36,51,13,34,0.2549019607843137,0.6666666666666666,-0.4117647058823529
Con3,3,0 cm predicted (outside),0.5,0.5 cm,ST36,51,9,29,0.17647058823529413,0.5686274509803921,-0.392156862745098
Con3,3,0 cm predicted (outside),1,1.0 cm,ST36,51,4,22,0.0784313725490196,0.43137254901960786,-0.35294117647058826
Con3,3,0 cm predicted (outside),0.15,0.15 cm (1.5 mm),ST38,51,6,34,0.11764705882352941,0.6666666666666666,-0.5490196078431372
Con3,3,0 cm predicted (outside),0.5,0.5 cm,ST38,51,0,25,0,0.49019607843137253,-0.49019607843137253
Con3,3,0 cm predicted (outside),1,1.0 cm,ST38,51,0,15,0,0.29411764705882354,-0.29411764705882354
Con3,3,0 cm predicted (outside),0.15,0.15 cm (1.5 mm),ST4,51,15,31,0.29411764705882354,0.6078431372549019,-0.31372549019607837
Con3,3,0 cm predicted (outside),0.5,0.5 cm,ST4,51,9,24,0.17647058823529413,0.47058823529411764,-0.2941176470588235
Con3,3,0 cm predicted (outside),1,1.0 cm,ST4,51,3,13,0.058823529411764705,0.2549019607843137,-0.196078431372549
Con3,3,0 cm predicted (outside),0.15,0.15 cm (1.5 mm),ST40,51,11,27,0.21568627450980393,0.5294117647058824,-0.3137254901960784
Con3,3,0 cm predicted (outside),0.5,0.5 cm,ST40,51,4,11,0.0784313725490196,0.21568627450980393,-0.13725490196078433
Con3,3,0 cm predicted (outside),1,1.0 cm,ST40,51,4,3,0.0784313725490196,0.058823529411764705,0.0196078431372549
Con3,3,0 cm predicted (outside),0.15,0.15 cm (1.5 mm),ST45,51,11,31,0.21568627450980393,0.6078431372549019,-0.392156862745098
Con3,3,0 cm predicted (outside),0.5,0.5 cm,ST45,51,7,13,0.13725490196078433,0.2549019607843137,-0.11764705882352938
Con3,3,0 cm predicted (outside),1,1.0 cm,ST45,51,4,1,0.0784313725490196,0.0196078431372549,0.058823529411764705
Con3,3,1.5 mm predicted (solid red),0.15,0.15 cm (1.5 mm),ST5,51,21,22,0.4117647058823529,0.43137254901960786,-0.019607843137254943
Con3,3,1.5 mm predicted (solid red),0.5,0.5 cm,ST5,51,8,10,0.1568627450980392,0.19607843137254902,-0.0392156862745098
Con3,3,1.5 mm predicted (solid red),1,1.0 cm,ST5,51,3,7,0.058823529411764705,0.13725490196078433,-0.07843137254901962
Con4,4,0 cm predicted (outside),0.15,0.15 cm (1.5 mm),ST1,51,15,28,0.29411764705882354,0.5490196078431373,-0.25490196078431376
Con4,4,0 cm predicted (outside),0.5,0.5 cm,ST1,51,10,12,0.19607843137254902,0.23529411764705882,-0.0392156862745098
Con4,4,0 cm predicted (outside),1,1.0 cm,ST1,51,3,7,0.058823529411764705,0.13725490196078433,-0.07843137254901962
Con4,4,0 cm predicted (outside),0.15,0.15 cm (1.5 mm),ST2,51,9,35,0.17647058823529413,0.6862745098039216,-0.5098039215686274
Con4,4,0 cm predicted (outside),0.5,0.5 cm,ST2,51,5,23,0.09803921568627451,0.45098039215686275,-0.35294117647058826
Con4,4,0 cm predicted (outside),1,1.0 cm,ST2,51,3,12,0.058823529411764705,0.23529411764705882,-0.1764705882352941
Con4,4,1.0 cm predicted (dashed red),0.15,0.15 cm (1.5 mm),ST22,51,11,34,0.21568627450980393,0.6666666666666666,-0.4509803921568627
Con4,4,1.0 cm predicted (dashed red),0.5,0.5 cm,ST22,51,9,26,0.17647058823529413,0.5098039215686274,-0.33333333333333326
Con4,4,1.0 cm predicted (dashed red),1,1.0 cm,ST22,51,5,24,0.09803921568627451,0.47058823529411764,-0.37254901960784315
Con4,4,1.5 mm predicted (solid red),0.15,0.15 cm (1.5 mm),ST28,51,19,23,0.37254901960784315,0.45098039215686275,-0.0784313725490196
Con4,4,1.5 mm predicted (solid red),0.5,0.5 cm,ST28,51,13,12,0.2549019607843137,0.23529411764705882,0.019607843137254888
Con4,4,1.5 mm predicted (solid red),1,1.0 cm,ST28,51,8,7,0.1568627450980392,0.13725490196078433,0.019607843137254888
Con4,4,1.0 cm predicted (dashed red),0.15,0.15 cm (1.5 mm),ST31,51,20,28,0.39215686274509803,0.5490196078431373,-0.15686274509803927
Con4,4,1.0 cm predicted (dashed red),0.5,0.5 cm,ST31,51,16,22,0.3137254901960784,0.43137254901960786,-0.11764705882352944
Con4,4,1.0 cm predicted (dashed red),1,1.0 cm,ST31,51,9,19,0.17647058823529413,0.37254901960784315,-0.19607843137254902
Con4,4,0 cm predicted (outside),0.15,0.15 cm (1.5 mm),ST34,51,17,31,0.3333333333333333,0.6078431372549019,-0.2745098039215686
Con4,4,0 cm predicted (outside),0.5,0.5 cm,ST34,51,13,29,0.2549019607843137,0.5686274509803921,-0.3137254901960784
Con4,4,0 cm predicted (outside),1,1.0 cm,ST34,51,9,18,0.17647058823529413,0.35294117647058826,-0.17647058823529413
Con4,4,0 cm predicted (outside),0.15,0.15 cm (1.5 mm),ST35,51,2,30,0.0392156862745098,0.5882352941176471,-0.5490196078431373
Con4,4,0 cm predicted (outside),0.5,0.5 cm,ST35,51,1,17,0.0196078431372549,0.3333333333333333,-0.3137254901960784
Con4,4,0 cm predicted (outside),1,1.0 cm,ST35,51,0,8,0,0.1568627450980392,-0.1568627450980392
Con4,4,0 cm predicted (outside),0.15,0.15 cm (1.5 mm),ST36,51,8,41,0.1568627450980392,0.803921568627451,-0.6470588235294118
Con4,4,0 cm predicted (outside),0.5,0.5 cm,ST36,51,3,33,0.058823529411764705,0.6470588235294118,-0.5882352941176471
Con4,4,0 cm predicted (outside),1,1.0 cm,ST36,51,3,26,0.058823529411764705,0.5098039215686274,-0.4509803921568627
Con4,4,0 cm predicted (outside),0.15,0.15 cm (1.5 mm),ST38,51,8,36,0.1568627450980392,0.7058823529411765,-0.5490196078431373
Con4,4,0 cm predicted (outside),0.5,0.5 cm,ST38,51,2,25,0.0392156862745098,0.49019607843137253,-0.4509803921568627
Con4,4,0 cm predicted (outside),1,1.0 cm,ST38,51,0,14,0,0.27450980392156865,-0.27450980392156865
Con4,4,0 cm predicted (outside),0.15,0.15 cm (1.5 mm),ST4,51,19,26,0.37254901960784315,0.5098039215686274,-0.13725490196078427
Con4,4,0 cm predicted (outside),0.5,0.5 cm,ST4,51,11,19,0.21568627450980393,0.37254901960784315,-0.1568627450980392
Con4,4,0 cm predicted (outside),1,1.0 cm,ST4,51,7,15,0.13725490196078433,0.29411764705882354,-0.1568627450980392
Con4,4,0 cm predicted (outside),0.15,0.15 cm (1.5 mm),ST40,51,16,24,0.3137254901960784,0.47058823529411764,-0.1568627450980392
Con4,4,0 cm predicted (outside),0.5,0.5 cm,ST40,51,3,9,0.058823529411764705,0.17647058823529413,-0.11764705882352942
Con4,4,0 cm predicted (outside),1,1.0 cm,ST40,51,2,3,0.0392156862745098,0.058823529411764705,-0.0196078431372549
Con4,4,0 cm predicted (outside),0.15,0.15 cm (1.5 mm),ST45,51,15,29,0.29411764705882354,0.5686274509803921,-0.2745098039215686
Con4,4,0 cm predicted (outside),0.5,0.5 cm,ST45,51,6,10,0.11764705882352941,0.19607843137254902,-0.0784313725490196
Con4,4,0 cm predicted (outside),1,1.0 cm,ST45,51,1,3,0.0196078431372549,0.058823529411764705,-0.0392156862745098
Con4,4,1.5 mm predicted (solid red),0.15,0.15 cm (1.5 mm),ST5,51,21,23,0.4117647058823529,0.45098039215686275,-0.03921568627450983
Con4,4,1.5 mm predicted (solid red),0.5,0.5 cm,ST5,51,13,11,0.2549019607843137,0.21568627450980393,0.039215686274509776
Con4,4,1.5 mm predicted (solid red),1,1.0 cm,ST5,51,3,9,0.058823529411764705,0.17647058823529413,-0.11764705882352942
Con5,5,0 cm predicted (outside),0.15,0.15 cm (1.5 mm),ST1,51,17,24,0.3333333333333333,0.47058823529411764,-0.13725490196078433
Con5,5,0 cm predicted (outside),0.5,0.5 cm,ST1,51,5,13,0.09803921568627451,0.2549019607843137,-0.1568627450980392
Con5,5,0 cm predicted (outside),1,1.0 cm,ST1,51,2,7,0.0392156862745098,0.13725490196078433,-0.09803921568627452
Con5,5,0 cm predicted (outside),0.15,0.15 cm (1.5 mm),ST2,51,8,36,0.1568627450980392,0.7058823529411765,-0.5490196078431373
Con5,5,0 cm predicted (outside),0.5,0.5 cm,ST2,51,3,24,0.058823529411764705,0.47058823529411764,-0.4117647058823529
Con5,5,0 cm predicted (outside),1,1.0 cm,ST2,51,1,14,0.0196078431372549,0.27450980392156865,-0.25490196078431376
Con5,5,1.0 cm predicted (dashed red),0.15,0.15 cm (1.5 mm),ST22,51,6,40,0.11764705882352941,0.7843137254901961,-0.6666666666666666
Con5,5,1.0 cm predicted (dashed red),0.5,0.5 cm,ST22,51,4,35,0.0784313725490196,0.6862745098039216,-0.607843137254902
Con5,5,1.0 cm predicted (dashed red),1,1.0 cm,ST22,51,3,30,0.058823529411764705,0.5882352941176471,-0.5294117647058824
Con5,5,1.5 mm predicted (solid red),0.15,0.15 cm (1.5 mm),ST28,51,20,28,0.39215686274509803,0.5490196078431373,-0.15686274509803927
Con5,5,1.5 mm predicted (solid red),0.5,0.5 cm,ST28,51,12,17,0.23529411764705882,0.3333333333333333,-0.0980392156862745
Con5,5,1.5 mm predicted (solid red),1,1.0 cm,ST28,51,9,8,0.17647058823529413,0.1568627450980392,0.019607843137254916
Con5,5,0 cm predicted (outside),0.15,0.15 cm (1.5 mm),ST35,51,1,37,0.0196078431372549,0.7254901960784313,-0.7058823529411764
Con5,5,0 cm predicted (outside),0.5,0.5 cm,ST35,51,0,19,0,0.37254901960784315,-0.37254901960784315
Con5,5,0 cm predicted (outside),1,1.0 cm,ST35,51,0,9,0,0.17647058823529413,-0.17647058823529413
Con5,5,0 cm predicted (outside),0.15,0.15 cm (1.5 mm),ST38,51,7,37,0.13725490196078433,0.7254901960784313,-0.588235294117647
Con5,5,0 cm predicted (outside),0.5,0.5 cm,ST38,51,1,27,0.0196078431372549,0.5294117647058824,-0.5098039215686274
Con5,5,0 cm predicted (outside),1,1.0 cm,ST38,51,0,16,0,0.3137254901960784,-0.3137254901960784
Con5,5,0 cm predicted (outside),0.15,0.15 cm (1.5 mm),ST4,51,15,33,0.29411764705882354,0.6470588235294118,-0.35294117647058826
Con5,5,0 cm predicted (outside),0.5,0.5 cm,ST4,51,9,22,0.17647058823529413,0.43137254901960786,-0.2549019607843137
Con5,5,0 cm predicted (outside),1,1.0 cm,ST4,51,5,16,0.09803921568627451,0.3137254901960784,-0.21568627450980393
Con5,5,1.5 mm predicted (solid red),0.15,0.15 cm (1.5 mm),ST5,51,22,21,0.43137254901960786,0.4117647058823529,0.019607843137254943
Con5,5,1.5 mm predicted (solid red),0.5,0.5 cm,ST5,51,10,15,0.19607843137254902,0.29411764705882354,-0.09803921568627452
Con5,5,1.5 mm predicted (solid red),1,1.0 cm,ST5,51,6,7,0.11764705882352941,0.13725490196078433,-0.019607843137254916
Con6,6,0 cm predicted (outside),0.15,0.15 cm (1.5 mm),ST1,51,19,26,0.37254901960784315,0.5098039215686274,-0.13725490196078427
Con6,6,0 cm predicted (outside),0.5,0.5 cm,ST1,51,7,16,0.13725490196078433,0.3137254901960784,-0.1764705882352941
Con6,6,0 cm predicted (outside),1,1.0 cm,ST1,51,2,6,0.0392156862745098,0.11764705882352941,-0.0784313725490196
Con6,6,0 cm predicted (outside),0.15,0.15 cm (1.5 mm),ST2,51,10,33,0.19607843137254902,0.6470588235294118,-0.4509803921568628
Con6,6,0 cm predicted (outside),0.5,0.5 cm,ST2,51,5,24,0.09803921568627451,0.47058823529411764,-0.37254901960784315
Con6,6,0 cm predicted (outside),1,1.0 cm,ST2,51,5,17,0.09803921568627451,0.3333333333333333,-0.23529411764705882
Con6,6,1.0 cm predicted (dashed red),0.15,0.15 cm (1.5 mm),ST22,51,11,36,0.21568627450980393,0.7058823529411765,-0.4901960784313726
Con6,6,1.0 cm predicted (dashed red),0.5,0.5 cm,ST22,51,6,29,0.11764705882352941,0.5686274509803921,-0.4509803921568627
Con6,6,1.0 cm predicted (dashed red),1,1.0 cm,ST22,51,2,23,0.0392156862745098,0.45098039215686275,-0.4117647058823529
Con6,6,1.5 mm predicted (solid red),0.15,0.15 cm (1.5 mm),ST28,51,29,19,0.5686274509803921,0.37254901960784315,0.196078431372549
Con6,6,1.5 mm predicted (solid red),0.5,0.5 cm,ST28,51,19,13,0.37254901960784315,0.2549019607843137,0.11764705882352944
Con6,6,1.5 mm predicted (solid red),1,1.0 cm,ST28,51,9,8,0.17647058823529413,0.1568627450980392,0.019607843137254916
Con6,6,1.0 cm predicted (dashed red),0.15,0.15 cm (1.5 mm),ST31,51,19,30,0.37254901960784315,0.5882352941176471,-0.21568627450980393
Con6,6,1.0 cm predicted (dashed red),0.5,0.5 cm,ST31,51,18,23,0.35294117647058826,0.45098039215686275,-0.0980392156862745
Con6,6,1.0 cm predicted (dashed red),1,1.0 cm,ST31,51,14,14,0.27450980392156865,0.27450980392156865,0
Con6,6,0 cm predicted (outside),0.15,0.15 cm (1.5 mm),ST34,51,12,33,0.23529411764705882,0.6470588235294118,-0.411764705882353
Con6,6,0 cm predicted (outside),0.5,0.5 cm,ST34,51,7,31,0.13725490196078433,0.6078431372549019,-0.4705882352941176
Con6,6,0 cm predicted (outside),1,1.0 cm,ST34,51,4,27,0.0784313725490196,0.5294117647058824,-0.45098039215686275
Con6,6,0 cm predicted (outside),0.15,0.15 cm (1.5 mm),ST35,51,3,33,0.058823529411764705,0.6470588235294118,-0.5882352941176471
Con6,6,0 cm predicted (outside),0.5,0.5 cm,ST35,51,1,21,0.0196078431372549,0.4117647058823529,-0.39215686274509803
Con6,6,0 cm predicted (outside),1,1.0 cm,ST35,51,0,8,0,0.1568627450980392,-0.1568627450980392
Con6,6,0 cm predicted (outside),0.15,0.15 cm (1.5 mm),ST36,51,6,39,0.11764705882352941,0.7647058823529411,-0.6470588235294117
Con6,6,0 cm predicted (outside),0.5,0.5 cm,ST36,51,5,32,0.09803921568627451,0.6274509803921569,-0.5294117647058824
Con6,6,0 cm predicted (outside),1,1.0 cm,ST36,51,4,22,0.0784313725490196,0.43137254901960786,-0.35294117647058826
Con6,6,0 cm predicted (outside),0.15,0.15 cm (1.5 mm),ST38,51,11,35,0.21568627450980393,0.6862745098039216,-0.47058823529411764
Con6,6,0 cm predicted (outside),0.5,0.5 cm,ST38,51,4,25,0.0784313725490196,0.49019607843137253,-0.4117647058823529
Con6,6,0 cm predicted (outside),1,1.0 cm,ST38,51,2,15,0.0392156862745098,0.29411764705882354,-0.2549019607843137
Con6,6,0 cm predicted (outside),0.15,0.15 cm (1.5 mm),ST4,51,14,32,0.27450980392156865,0.6274509803921569,-0.3529411764705882
Con6,6,0 cm predicted (outside),0.5,0.5 cm,ST4,51,5,26,0.09803921568627451,0.5098039215686274,-0.4117647058823529
Con6,6,0 cm predicted (outside),1,1.0 cm,ST4,51,5,18,0.09803921568627451,0.35294117647058826,-0.25490196078431376
Con6,6,0 cm predicted (outside),0.15,0.15 cm (1.5 mm),ST40,51,14,31,0.27450980392156865,0.6078431372549019,-0.33333333333333326
Con6,6,0 cm predicted (outside),0.5,0.5 cm,ST40,51,6,12,0.11764705882352941,0.23529411764705882,-0.11764705882352941
Con6,6,0 cm predicted (outside),1,1.0 cm,ST40,51,0,4,0,0.0784313725490196,-0.0784313725490196
Con6,6,0 cm predicted (outside),0.15,0.15 cm (1.5 mm),ST45,51,19,27,0.37254901960784315,0.5294117647058824,-0.1568627450980392
Con6,6,0 cm predicted (outside),0.5,0.5 cm,ST45,51,5,11,0.09803921568627451,0.21568627450980393,-0.11764705882352942
Con6,6,0 cm predicted (outside),1,1.0 cm,ST45,51,2,5,0.0392156862745098,0.09803921568627451,-0.058823529411764705
Con6,6,1.5 mm predicted (solid red),0.15,0.15 cm (1.5 mm),ST5,51,22,23,0.43137254901960786,0.45098039215686275,-0.019607843137254888
Con6,6,1.5 mm predicted (solid red),0.5,0.5 cm,ST5,51,11,11,0.21568627450980393,0.21568627450980393,0
Con6,6,1.5 mm predicted (solid red),1,1.0 cm,ST5,51,5,6,0.09803921568627451,0.11764705882352941,-0.0196078431372549
Con7,7,0 cm predicted (outside),0.15,0.15 cm (1.5 mm),ST1,51,21,23,0.4117647058823529,0.45098039215686275,-0.03921568627450983
Con7,7,0 cm predicted (outside),0.5,0.5 cm,ST1,51,14,13,0.27450980392156865,0.2549019607843137,0.019607843137254943
Con7,7,0 cm predicted (outside),1,1.0 cm,ST1,51,8,4,0.1568627450980392,0.0784313725490196,0.0784313725490196
Con7,7,0 cm predicted (outside),0.15,0.15 cm (1.5 mm),ST2,51,15,32,0.29411764705882354,0.6274509803921569,-0.3333333333333333
Con7,7,0 cm predicted (outside),0.5,0.5 cm,ST2,51,7,23,0.13725490196078433,0.45098039215686275,-0.3137254901960784
Con7,7,0 cm predicted (outside),1,1.0 cm,ST2,51,2,13,0.0392156862745098,0.2549019607843137,-0.2156862745098039
Con7,7,1.0 cm predicted (dashed red),0.15,0.15 cm (1.5 mm),ST22,51,12,36,0.23529411764705882,0.7058823529411765,-0.4705882352941177
Con7,7,1.0 cm predicted (dashed red),0.5,0.5 cm,ST22,51,8,30,0.1568627450980392,0.5882352941176471,-0.43137254901960786
Con7,7,1.0 cm predicted (dashed red),1,1.0 cm,ST22,51,6,21,0.11764705882352941,0.4117647058823529,-0.2941176470588235
Con7,7,1.5 mm predicted (solid red),0.15,0.15 cm (1.5 mm),ST28,51,33,14,0.6470588235294118,0.27450980392156865,0.37254901960784315
Con7,7,1.5 mm predicted (solid red),0.5,0.5 cm,ST28,51,25,8,0.49019607843137253,0.1568627450980392,0.3333333333333333
Con7,7,1.5 mm predicted (solid red),1,1.0 cm,ST28,51,17,4,0.3333333333333333,0.0784313725490196,0.2549019607843137
Con7,7,1.0 cm predicted (dashed red),0.15,0.15 cm (1.5 mm),ST31,51,27,22,0.5294117647058824,0.43137254901960786,0.0980392156862745
Con7,7,1.0 cm predicted (dashed red),0.5,0.5 cm,ST31,51,20,21,0.39215686274509803,0.4117647058823529,-0.019607843137254888
Con7,7,1.0 cm predicted (dashed red),1,1.0 cm,ST31,51,16,15,0.3137254901960784,0.29411764705882354,0.019607843137254888
Con7,7,0 cm predicted (outside),0.15,0.15 cm (1.5 mm),ST34,51,20,26,0.39215686274509803,0.5098039215686274,-0.11764705882352938
Con7,7,0 cm predicted (outside),0.5,0.5 cm,ST34,51,15,23,0.29411764705882354,0.45098039215686275,-0.1568627450980392
Con7,7,0 cm predicted (outside),1,1.0 cm,ST34,51,13,16,0.2549019607843137,0.3137254901960784,-0.05882352941176472
Con7,7,0 cm predicted (outside),0.15,0.15 cm (1.5 mm),ST35,51,7,30,0.13725490196078433,0.5882352941176471,-0.45098039215686275
Con7,7,0 cm predicted (outside),0.5,0.5 cm,ST35,51,0,16,0,0.3137254901960784,-0.3137254901960784
Con7,7,0 cm predicted (outside),1,1.0 cm,ST35,51,0,7,0,0.13725490196078433,-0.13725490196078433
Con7,7,0 cm predicted (outside),0.15,0.15 cm (1.5 mm),ST36,51,14,36,0.27450980392156865,0.7058823529411765,-0.43137254901960786
Con7,7,0 cm predicted (outside),0.5,0.5 cm,ST36,51,10,31,0.19607843137254902,0.6078431372549019,-0.4117647058823529
Con7,7,0 cm predicted (outside),1,1.0 cm,ST36,51,3,23,0.058823529411764705,0.45098039215686275,-0.39215686274509803
Con7,7,0 cm predicted (outside),0.15,0.15 cm (1.5 mm),ST38,51,7,40,0.13725490196078433,0.7843137254901961,-0.6470588235294117
Con7,7,0 cm predicted (outside),0.5,0.5 cm,ST38,51,2,25,0.0392156862745098,0.49019607843137253,-0.4509803921568627
Con7,7,0 cm predicted (outside),1,1.0 cm,ST38,51,1,16,0.0196078431372549,0.3137254901960784,-0.29411764705882354
Con7,7,0 cm predicted (outside),0.15,0.15 cm (1.5 mm),ST4,51,21,26,0.4117647058823529,0.5098039215686274,-0.0980392156862745
Con7,7,0 cm predicted (outside),0.5,0.5 cm,ST4,51,11,24,0.21568627450980393,0.47058823529411764,-0.2549019607843137
Con7,7,0 cm predicted (outside),1,1.0 cm,ST4,51,6,15,0.11764705882352941,0.29411764705882354,-0.17647058823529413
Con7,7,0 cm predicted (outside),0.15,0.15 cm (1.5 mm),ST40,51,10,29,0.19607843137254902,0.5686274509803921,-0.37254901960784315
Con7,7,0 cm predicted (outside),0.5,0.5 cm,ST40,51,3,9,0.058823529411764705,0.17647058823529413,-0.11764705882352942
Con7,7,0 cm predicted (outside),1,1.0 cm,ST40,51,0,3,0,0.058823529411764705,-0.058823529411764705
Con7,7,0 cm predicted (outside),0.15,0.15 cm (1.5 mm),ST45,51,7,32,0.13725490196078433,0.6274509803921569,-0.49019607843137253
Con7,7,0 cm predicted (outside),0.5,0.5 cm,ST45,51,4,10,0.0784313725490196,0.19607843137254902,-0.11764705882352941
Con7,7,0 cm predicted (outside),1,1.0 cm,ST45,51,2,4,0.0392156862745098,0.0784313725490196,-0.0392156862745098
Con7,7,1.5 mm predicted (solid red),0.15,0.15 cm (1.5 mm),ST5,51,23,21,0.45098039215686275,0.4117647058823529,0.03921568627450983
Con7,7,1.5 mm predicted (solid red),0.5,0.5 cm,ST5,51,15,14,0.29411764705882354,0.27450980392156865,0.019607843137254888
Con7,7,1.5 mm predicted (solid red),1,1.0 cm,ST5,51,7,9,0.13725490196078433,0.17647058823529413,-0.0392156862745098
Con8,8,0 cm predicted (outside),0.15,0.15 cm (1.5 mm),ST1,51,22,21,0.43137254901960786,0.4117647058823529,0.019607843137254943
Con8,8,0 cm predicted (outside),0.5,0.5 cm,ST1,51,15,9,0.29411764705882354,0.17647058823529413,0.11764705882352941
Con8,8,0 cm predicted (outside),1,1.0 cm,ST1,51,7,5,0.13725490196078433,0.09803921568627451,0.03921568627450982
Con8,8,0 cm predicted (outside),0.15,0.15 cm (1.5 mm),ST2,51,13,33,0.2549019607843137,0.6470588235294118,-0.3921568627450981
Con8,8,0 cm predicted (outside),0.5,0.5 cm,ST2,51,6,20,0.11764705882352941,0.39215686274509803,-0.27450980392156865
Con8,8,0 cm predicted (outside),1,1.0 cm,ST2,51,3,12,0.058823529411764705,0.23529411764705882,-0.1764705882352941
Con8,8,1.0 cm predicted (dashed red),0.15,0.15 cm (1.5 mm),ST22,51,19,28,0.37254901960784315,0.5490196078431373,-0.17647058823529416
Con8,8,1.0 cm predicted (dashed red),0.5,0.5 cm,ST22,51,16,23,0.3137254901960784,0.45098039215686275,-0.13725490196078433
Con8,8,1.0 cm predicted (dashed red),1,1.0 cm,ST22,51,10,16,0.19607843137254902,0.3137254901960784,-0.11764705882352941
Con8,8,1.5 mm predicted (solid red),0.15,0.15 cm (1.5 mm),ST28,51,33,15,0.6470588235294118,0.29411764705882354,0.35294117647058826
Con8,8,1.5 mm predicted (solid red),0.5,0.5 cm,ST28,51,24,7,0.47058823529411764,0.13725490196078433,0.3333333333333333
Con8,8,1.5 mm predicted (solid red),1,1.0 cm,ST28,51,19,5,0.37254901960784315,0.09803921568627451,0.27450980392156865
Con8,8,1.0 cm predicted (dashed red),0.15,0.15 cm (1.5 mm),ST31,51,22,25,0.43137254901960786,0.49019607843137253,-0.05882352941176466
Con8,8,1.0 cm predicted (dashed red),0.5,0.5 cm,ST31,51,18,18,0.35294117647058826,0.35294117647058826,0
Con8,8,1.0 cm predicted (dashed red),1,1.0 cm,ST31,51,14,15,0.27450980392156865,0.29411764705882354,-0.019607843137254888
Con8,8,0 cm predicted (outside),0.15,0.15 cm (1.5 mm),ST34,51,16,27,0.3137254901960784,0.5294117647058824,-0.21568627450980393
Con8,8,0 cm predicted (outside),0.5,0.5 cm,ST34,51,14,23,0.27450980392156865,0.45098039215686275,-0.1764705882352941
Con8,8,0 cm predicted (outside),1,1.0 cm,ST34,51,7,19,0.13725490196078433,0.37254901960784315,-0.23529411764705882
Con8,8,0 cm predicted (outside),0.15,0.15 cm (1.5 mm),ST35,51,9,31,0.17647058823529413,0.6078431372549019,-0.43137254901960775
Con8,8,0 cm predicted (outside),0.5,0.5 cm,ST35,51,0,17,0,0.3333333333333333,-0.3333333333333333
Con8,8,0 cm predicted (outside),1,1.0 cm,ST35,51,0,7,0,0.13725490196078433,-0.13725490196078433
Con8,8,0 cm predicted (outside),0.15,0.15 cm (1.5 mm),ST36,51,11,38,0.21568627450980393,0.7450980392156863,-0.5294117647058824
Con8,8,0 cm predicted (outside),0.5,0.5 cm,ST36,51,7,34,0.13725490196078433,0.6666666666666666,-0.5294117647058822
Con8,8,0 cm predicted (outside),1,1.0 cm,ST36,51,4,22,0.0784313725490196,0.43137254901960786,-0.35294117647058826
Con8,8,0 cm predicted (outside),0.15,0.15 cm (1.5 mm),ST38,51,14,28,0.27450980392156865,0.5490196078431373,-0.27450980392156865
Con8,8,0 cm predicted (outside),0.5,0.5 cm,ST38,51,7,15,0.13725490196078433,0.29411764705882354,-0.1568627450980392
Con8,8,0 cm predicted (outside),1,1.0 cm,ST38,51,2,10,0.0392156862745098,0.19607843137254902,-0.1568627450980392
Con8,8,0 cm predicted (outside),0.15,0.15 cm (1.5 mm),ST4,51,15,35,0.29411764705882354,0.6862745098039216,-0.39215686274509803
Con8,8,0 cm predicted (outside),0.5,0.5 cm,ST4,51,11,26,0.21568627450980393,0.5098039215686274,-0.2941176470588235
Con8,8,0 cm predicted (outside),1,1.0 cm,ST4,51,9,20,0.17647058823529413,0.39215686274509803,-0.2156862745098039
Con8,8,0 cm predicted (outside),0.15,0.15 cm (1.5 mm),ST40,51,9,39,0.17647058823529413,0.7647058823529411,-0.588235294117647
Con8,8,0 cm predicted (outside),0.5,0.5 cm,ST40,51,4,15,0.0784313725490196,0.29411764705882354,-0.21568627450980393
Con8,8,0 cm predicted (outside),1,1.0 cm,ST40,51,0,4,0,0.0784313725490196,-0.0784313725490196
Con8,8,0 cm predicted (outside),0.15,0.15 cm (1.5 mm),ST45,51,16,32,0.3137254901960784,0.6274509803921569,-0.3137254901960784
Con8,8,0 cm predicted (outside),0.5,0.5 cm,ST45,51,10,9,0.19607843137254902,0.17647058823529413,0.019607843137254888
Con8,8,0 cm predicted (outside),1,1.0 cm,ST45,51,2,4,0.0392156862745098,0.0784313725490196,-0.0392156862745098
Con8,8,1.5 mm predicted (solid red),0.15,0.15 cm (1.5 mm),ST5,51,30,18,0.5882352941176471,0.35294117647058826,0.23529411764705882
Con8,8,1.5 mm predicted (solid red),0.5,0.5 cm,ST5,51,19,9,0.37254901960784315,0.17647058823529413,0.19607843137254902
Con8,8,1.5 mm predicted (solid red),1,1.0 cm,ST5,51,10,6,0.19607843137254902,0.11764705882352941,0.0784313725490196
Con9,9,0 cm predicted (outside),0.15,0.15 cm (1.5 mm),ST1,51,22,26,0.43137254901960786,0.5098039215686274,-0.07843137254901955
Con9,9,0 cm predicted (outside),0.5,0.5 cm,ST1,51,13,9,0.2549019607843137,0.17647058823529413,0.07843137254901958
Con9,9,0 cm predicted (outside),1,1.0 cm,ST1,51,5,5,0.09803921568627451,0.09803921568627451,0
Con9,9,0 cm predicted (outside),0.15,0.15 cm (1.5 mm),ST2,51,5,38,0.09803921568627451,0.7450980392156863,-0.6470588235294118
Con9,9,0 cm predicted (outside),0.5,0.5 cm,ST2,51,3,26,0.058823529411764705,0.5098039215686274,-0.4509803921568627
Con9,9,0 cm predicted (outside),1,1.0 cm,ST2,51,1,17,0.0196078431372549,0.3333333333333333,-0.3137254901960784
Con9,9,1.0 cm predicted (dashed red),0.15,0.15 cm (1.5 mm),ST22,51,20,27,0.39215686274509803,0.5294117647058824,-0.13725490196078433
Con9,9,1.0 cm predicted (dashed red),0.5,0.5 cm,ST22,51,14,23,0.27450980392156865,0.45098039215686275,-0.1764705882352941
Con9,9,1.0 cm predicted (dashed red),1,1.0 cm,ST22,51,8,18,0.1568627450980392,0.35294117647058826,-0.19607843137254904
Con9,9,1.5 mm predicted (solid red),0.15,0.15 cm (1.5 mm),ST28,51,36,12,0.7058823529411765,0.23529411764705882,0.4705882352941177
Con9,9,1.5 mm predicted (solid red),0.5,0.5 cm,ST28,51,24,7,0.47058823529411764,0.13725490196078433,0.3333333333333333
Con9,9,1.5 mm predicted (solid red),1,1.0 cm,ST28,51,20,5,0.39215686274509803,0.09803921568627451,0.29411764705882354
Con9,9,1.0 cm predicted (dashed red),0.15,0.15 cm (1.5 mm),ST31,51,25,22,0.49019607843137253,0.43137254901960786,0.05882352941176466
Con9,9,1.0 cm predicted (dashed red),0.5,0.5 cm,ST31,51,18,17,0.35294117647058826,0.3333333333333333,0.019607843137254943
Con9,9,1.0 cm predicted (dashed red),1,1.0 cm,ST31,51,14,7,0.27450980392156865,0.13725490196078433,0.13725490196078433
Con9,9,0 cm predicted (outside),0.15,0.15 cm (1.5 mm),ST34,51,34,16,0.6666666666666666,0.3137254901960784,0.3529411764705882
Con9,9,0 cm predicted (outside),0.5,0.5 cm,ST34,51,28,12,0.5490196078431373,0.23529411764705882,0.3137254901960785
Con9,9,0 cm predicted (outside),1,1.0 cm,ST34,51,18,10,0.35294117647058826,0.19607843137254902,0.15686274509803924
Con9,9,0 cm predicted (outside),0.15,0.15 cm (1.5 mm),ST35,51,22,23,0.43137254901960786,0.45098039215686275,-0.019607843137254888
Con9,9,0 cm predicted (outside),0.5,0.5 cm,ST35,51,5,13,0.09803921568627451,0.2549019607843137,-0.1568627450980392
Con9,9,0 cm predicted (outside),1,1.0 cm,ST35,51,1,6,0.0196078431372549,0.11764705882352941,-0.09803921568627451
Con9,9,0 cm predicted (outside),0.15,0.15 cm (1.5 mm),ST36,51,18,31,0.35294117647058826,0.6078431372549019,-0.25490196078431365
Con9,9,0 cm predicted (outside),0.5,0.5 cm,ST36,51,14,23,0.27450980392156865,0.45098039215686275,-0.1764705882352941
Con9,9,0 cm predicted (outside),1,1.0 cm,ST36,51,9,14,0.17647058823529413,0.27450980392156865,-0.09803921568627452
Con9,9,0 cm predicted (outside),0.15,0.15 cm (1.5 mm),ST38,51,8,36,0.1568627450980392,0.7058823529411765,-0.5490196078431373
Con9,9,0 cm predicted (outside),0.5,0.5 cm,ST38,51,3,24,0.058823529411764705,0.47058823529411764,-0.4117647058823529
Con9,9,0 cm predicted (outside),1,1.0 cm,ST38,51,0,16,0,0.3137254901960784,-0.3137254901960784
Con9,9,0 cm predicted (outside),0.15,0.15 cm (1.5 mm),ST4,51,15,31,0.29411764705882354,0.6078431372549019,-0.31372549019607837
Con9,9,0 cm predicted (outside),0.5,0.5 cm,ST4,51,13,23,0.2549019607843137,0.45098039215686275,-0.19607843137254904
Con9,9,0 cm predicted (outside),1,1.0 cm,ST4,51,8,15,0.1568627450980392,0.29411764705882354,-0.13725490196078433
Con9,9,0 cm predicted (outside),0.15,0.15 cm (1.5 mm),ST40,51,20,22,0.39215686274509803,0.43137254901960786,-0.03921568627450983
Con9,9,0 cm predicted (outside),0.5,0.5 cm,ST40,51,8,5,0.1568627450980392,0.09803921568627451,0.058823529411764705
Con9,9,0 cm predicted (outside),1,1.0 cm,ST40,51,2,3,0.0392156862745098,0.058823529411764705,-0.0196078431372549
Con9,9,0 cm predicted (outside),0.15,0.15 cm (1.5 mm),ST45,51,23,22,0.45098039215686275,0.43137254901960786,0.019607843137254888
Con9,9,0 cm predicted (outside),0.5,0.5 cm,ST45,51,10,7,0.19607843137254902,0.13725490196078433,0.05882352941176469
Con9,9,0 cm predicted (outside),1,1.0 cm,ST45,51,4,3,0.0784313725490196,0.058823529411764705,0.0196078431372549
Con10,10,0 cm predicted (outside),0.15,0.15 cm (1.5 mm),ST1,51,20,21,0.39215686274509803,0.4117647058823529,-0.019607843137254888
Con10,10,0 cm predicted (outside),0.5,0.5 cm,ST1,51,8,14,0.1568627450980392,0.27450980392156865,-0.11764705882352944
Con10,10,0 cm predicted (outside),1,1.0 cm,ST1,51,2,6,0.0392156862745098,0.11764705882352941,-0.0784313725490196
Con10,10,0 cm predicted (outside),0.15,0.15 cm (1.5 mm),ST2,51,9,40,0.17647058823529413,0.7843137254901961,-0.6078431372549019
Con10,10,0 cm predicted (outside),0.5,0.5 cm,ST2,51,8,27,0.1568627450980392,0.5294117647058824,-0.37254901960784315
Con10,10,0 cm predicted (outside),1,1.0 cm,ST2,51,5,17,0.09803921568627451,0.3333333333333333,-0.23529411764705882
Con10,10,1.0 cm predicted (dashed red),0.15,0.15 cm (1.5 mm),ST22,51,24,24,0.47058823529411764,0.47058823529411764,0
Con10,10,1.0 cm predicted (dashed red),0.5,0.5 cm,ST22,51,16,19,0.3137254901960784,0.37254901960784315,-0.05882352941176472
Con10,10,1.0 cm predicted (dashed red),1,1.0 cm,ST22,51,11,17,0.21568627450980393,0.3333333333333333,-0.11764705882352938
Con10,10,1.5 mm predicted (solid red),0.15,0.15 cm (1.5 mm),ST28,51,34,16,0.6666666666666666,0.3137254901960784,0.3529411764705882
Con10,10,1.5 mm predicted (solid red),0.5,0.5 cm,ST28,51,26,11,0.5098039215686274,0.21568627450980393,0.2941176470588235
Con10,10,1.5 mm predicted (solid red),1,1.0 cm,ST28,51,13,7,0.2549019607843137,0.13725490196078433,0.11764705882352938
Con10,10,1.0 cm predicted (dashed red),0.15,0.15 cm (1.5 mm),ST31,51,30,17,0.5882352941176471,0.3333333333333333,0.25490196078431376
Con10,10,1.0 cm predicted (dashed red),0.5,0.5 cm,ST31,51,24,16,0.47058823529411764,0.3137254901960784,0.1568627450980392
Con10,10,1.0 cm predicted (dashed red),1,1.0 cm,ST31,51,17,10,0.3333333333333333,0.19607843137254902,0.1372549019607843
Con10,10,0 cm predicted (outside),0.15,0.15 cm (1.5 mm),ST34,51,16,32,0.3137254901960784,0.6274509803921569,-0.3137254901960784
Con10,10,0 cm predicted (outside),0.5,0.5 cm,ST34,51,10,27,0.19607843137254902,0.5294117647058824,-0.33333333333333337
Con10,10,0 cm predicted (outside),1,1.0 cm,ST34,51,7,19,0.13725490196078433,0.37254901960784315,-0.23529411764705882
Con10,10,0 cm predicted (outside),0.15,0.15 cm (1.5 mm),ST35,51,13,26,0.2549019607843137,0.5098039215686274,-0.2549019607843137
Con10,10,0 cm predicted (outside),0.5,0.5 cm,ST35,51,10,16,0.19607843137254902,0.3137254901960784,-0.11764705882352941
Con10,10,0 cm predicted (outside),1,1.0 cm,ST35,51,8,5,0.1568627450980392,0.09803921568627451,0.058823529411764705
Con10,10,0 cm predicted (outside),0.15,0.15 cm (1.5 mm),ST36,51,11,39,0.21568627450980393,0.7647058823529411,-0.5490196078431372
Con10,10,0 cm predicted (outside),0.5,0.5 cm,ST36,51,6,33,0.11764705882352941,0.6470588235294118,-0.5294117647058824
Con10,10,0 cm predicted (outside),1,1.0 cm,ST36,51,1,31,0.0196078431372549,0.6078431372549019,-0.588235294117647
Con10,10,0 cm predicted (outside),0.15,0.15 cm (1.5 mm),ST38,51,16,29,0.3137254901960784,0.5686274509803921,-0.2549019607843137
Con10,10,0 cm predicted (outside),0.5,0.5 cm,ST38,51,7,20,0.13725490196078433,0.39215686274509803,-0.2549019607843137
Con10,10,0 cm predicted (outside),1,1.0 cm,ST38,51,1,10,0.0196078431372549,0.19607843137254902,-0.1764705882352941
Con10,10,0 cm predicted (outside),0.15,0.15 cm (1.5 mm),ST4,51,26,22,0.5098039215686274,0.43137254901960786,0.07843137254901955
Con10,10,0 cm predicted (outside),0.5,0.5 cm,ST4,51,19,18,0.37254901960784315,0.35294117647058826,0.019607843137254888
Con10,10,0 cm predicted (outside),1,1.0 cm,ST4,51,14,12,0.27450980392156865,0.23529411764705882,0.03921568627450983
Con10,10,0 cm predicted (outside),0.15,0.15 cm (1.5 mm),ST40,51,9,33,0.17647058823529413,0.6470588235294118,-0.47058823529411764
Con10,10,0 cm predicted (outside),0.5,0.5 cm,ST40,51,2,7,0.0392156862745098,0.13725490196078433,-0.09803921568627452
Con10,10,0 cm predicted (outside),1,1.0 cm,ST40,51,1,4,0.0196078431372549,0.0784313725490196,-0.058823529411764705
Con10,10,0 cm predicted (outside),0.15,0.15 cm (1.5 mm),ST45,51,19,23,0.37254901960784315,0.45098039215686275,-0.0784313725490196
Con10,10,0 cm predicted (outside),0.5,0.5 cm,ST45,51,8,13,0.1568627450980392,0.2549019607843137,-0.0980392156862745
Con10,10,0 cm predicted (outside),1,1.0 cm,ST45,51,4,4,0.0784313725490196,0.0784313725490196,0
Con10,10,1.5 mm predicted (solid red),0.15,0.15 cm (1.5 mm),ST5,51,12,28,0.23529411764705882,0.5490196078431373,-0.3137254901960785
Con10,10,1.5 mm predicted (solid red),0.5,0.5 cm,ST5,51,9,14,0.17647058823529413,0.27450980392156865,-0.09803921568627452
Con10,10,1.5 mm predicted (solid red),1,1.0 cm,ST5,51,6,10,0.11764705882352941,0.19607843137254902,-0.0784313725490196
Con11,11,0 cm predicted (outside),0.15,0.15 cm (1.5 mm),ST1,51,18,22,0.35294117647058826,0.43137254901960786,-0.0784313725490196
Con11,11,0 cm predicted (outside),0.5,0.5 cm,ST1,51,8,11,0.1568627450980392,0.21568627450980393,-0.05882352941176472
Con11,11,0 cm predicted (outside),1,1.0 cm,ST1,51,2,6,0.0392156862745098,0.11764705882352941,-0.0784313725490196
Con11,11,0 cm predicted (outside),0.15,0.15 cm (1.5 mm),ST2,51,4,40,0.0784313725490196,0.7843137254901961,-0.7058823529411764
Con11,11,0 cm predicted (outside),0.5,0.5 cm,ST2,51,1,25,0.0196078431372549,0.49019607843137253,-0.47058823529411764
Con11,11,0 cm predicted (outside),1,1.0 cm,ST2,51,1,17,0.0196078431372549,0.3333333333333333,-0.3137254901960784
Con11,11,1.0 cm predicted (dashed red),0.15,0.15 cm (1.5 mm),ST22,51,22,25,0.43137254901960786,0.49019607843137253,-0.05882352941176466
Con11,11,1.0 cm predicted (dashed red),0.5,0.5 cm,ST22,51,20,21,0.39215686274509803,0.4117647058823529,-0.019607843137254888
Con11,11,1.0 cm predicted (dashed red),1,1.0 cm,ST22,51,15,16,0.29411764705882354,0.3137254901960784,-0.019607843137254888
Con11,11,1.5 mm predicted (solid red),0.15,0.15 cm (1.5 mm),ST28,51,40,9,0.7843137254901961,0.17647058823529413,0.6078431372549019
Con11,11,1.5 mm predicted (solid red),0.5,0.5 cm,ST28,51,27,6,0.5294117647058824,0.11764705882352941,0.4117647058823529
Con11,11,1.5 mm predicted (solid red),1,1.0 cm,ST28,51,16,3,0.3137254901960784,0.058823529411764705,0.2549019607843137
Con11,11,1.0 cm predicted (dashed red),0.15,0.15 cm (1.5 mm),ST31,51,31,18,0.6078431372549019,0.35294117647058826,0.25490196078431365
Con11,11,1.0 cm predicted (dashed red),0.5,0.5 cm,ST31,51,27,14,0.5294117647058824,0.27450980392156865,0.2549019607843137
Con11,11,1.0 cm predicted (dashed red),1,1.0 cm,ST31,51,16,9,0.3137254901960784,0.17647058823529413,0.1372549019607843
Con11,11,0 cm predicted (outside),0.15,0.15 cm (1.5 mm),ST34,51,17,28,0.3333333333333333,0.5490196078431373,-0.215686274509804
Con11,11,0 cm predicted (outside),0.5,0.5 cm,ST34,51,13,24,0.2549019607843137,0.47058823529411764,-0.21568627450980393
Con11,11,0 cm predicted (outside),1,1.0 cm,ST34,51,9,20,0.17647058823529413,0.39215686274509803,-0.2156862745098039
Con11,11,0 cm predicted (outside),0.15,0.15 cm (1.5 mm),ST35,51,8,27,0.1568627450980392,0.5294117647058824,-0.37254901960784315
Con11,11,0 cm predicted (outside),0.5,0.5 cm,ST35,51,5,15,0.09803921568627451,0.29411764705882354,-0.19607843137254904
Con11,11,0 cm predicted (outside),1,1.0 cm,ST35,51,1,5,0.0196078431372549,0.09803921568627451,-0.0784313725490196
Con11,11,0 cm predicted (outside),0.15,0.15 cm (1.5 mm),ST36,51,11,36,0.21568627450980393,0.7058823529411765,-0.4901960784313726
Con11,11,0 cm predicted (outside),0.5,0.5 cm,ST36,51,6,30,0.11764705882352941,0.5882352941176471,-0.47058823529411764
Con11,11,0 cm predicted (outside),1,1.0 cm,ST36,51,3,23,0.058823529411764705,0.45098039215686275,-0.39215686274509803
Con11,11,0 cm predicted (outside),0.15,0.15 cm (1.5 mm),ST38,51,13,30,0.2549019607843137,0.5882352941176471,-0.33333333333333337
Con11,11,0 cm predicted (outside),0.5,0.5 cm,ST38,51,8,23,0.1568627450980392,0.45098039215686275,-0.29411764705882354
Con11,11,0 cm predicted (outside),1,1.0 cm,ST38,51,2,13,0.0392156862745098,0.2549019607843137,-0.2156862745098039
Con11,11,0 cm predicted (outside),0.15,0.15 cm (1.5 mm),ST4,51,22,27,0.43137254901960786,0.5294117647058824,-0.0980392156862745
Con11,11,0 cm predicted (outside),0.5,0.5 cm,ST4,51,17,22,0.3333333333333333,0.43137254901960786,-0.09803921568627455
Con11,11,0 cm predicted (outside),1,1.0 cm,ST4,51,13,16,0.2549019607843137,0.3137254901960784,-0.05882352941176472
Con11,11,0 cm predicted (outside),0.15,0.15 cm (1.5 mm),ST40,51,17,24,0.3333333333333333,0.47058823529411764,-0.13725490196078433
Con11,11,0 cm predicted (outside),0.5,0.5 cm,ST40,51,7,8,0.13725490196078433,0.1568627450980392,-0.019607843137254888
Con11,11,0 cm predicted (outside),1,1.0 cm,ST40,51,1,4,0.0196078431372549,0.0784313725490196,-0.058823529411764705
Con11,11,0 cm predicted (outside),0.15,0.15 cm (1.5 mm),ST45,51,24,20,0.47058823529411764,0.39215686274509803,0.0784313725490196
Con11,11,0 cm predicted (outside),0.5,0.5 cm,ST45,51,13,8,0.2549019607843137,0.1568627450980392,0.0980392156862745
Con11,11,0 cm predicted (outside),1,1.0 cm,ST45,51,4,4,0.0784313725490196,0.0784313725490196,0
Con11,11,1.5 mm predicted (solid red),0.15,0.15 cm (1.5 mm),ST5,51,19,26,0.37254901960784315,0.5098039215686274,-0.13725490196078427
Con11,11,1.5 mm predicted (solid red),0.5,0.5 cm,ST5,51,10,12,0.19607843137254902,0.23529411764705882,-0.0392156862745098
Con11,11,1.5 mm predicted (solid red),1,1.0 cm,ST5,51,3,6,0.058823529411764705,0.11764705882352941,-0.058823529411764705
Con12,12,0 cm predicted (outside),0.15,0.15 cm (1.5 mm),ST1,51,17,25,0.3333333333333333,0.49019607843137253,-0.1568627450980392
Con12,12,0 cm predicted (outside),0.5,0.5 cm,ST1,51,9,13,0.17647058823529413,0.2549019607843137,-0.07843137254901958
Con12,12,0 cm predicted (outside),1,1.0 cm,ST1,51,3,5,0.058823529411764705,0.09803921568627451,-0.0392156862745098
Con12,12,0 cm predicted (outside),0.15,0.15 cm (1.5 mm),ST2,51,12,34,0.23529411764705882,0.6666666666666666,-0.4313725490196078
Con12,12,0 cm predicted (outside),0.5,0.5 cm,ST2,51,5,22,0.09803921568627451,0.43137254901960786,-0.33333333333333337
Con12,12,0 cm predicted (outside),1,1.0 cm,ST2,51,4,15,0.0784313725490196,0.29411764705882354,-0.21568627450980393
Con12,12,1.0 cm predicted (dashed red),0.15,0.15 cm (1.5 mm),ST22,51,15,33,0.29411764705882354,0.6470588235294118,-0.35294117647058826
Con12,12,1.0 cm predicted (dashed red),0.5,0.5 cm,ST22,51,10,26,0.19607843137254902,0.5098039215686274,-0.3137254901960784
Con12,12,1.0 cm predicted (dashed red),1,1.0 cm,ST22,51,8,21,0.1568627450980392,0.4117647058823529,-0.2549019607843137
Con12,12,1.5 mm predicted (solid red),0.15,0.15 cm (1.5 mm),ST28,51,30,14,0.5882352941176471,0.27450980392156865,0.3137254901960784
Con12,12,1.5 mm predicted (solid red),0.5,0.5 cm,ST28,51,20,9,0.39215686274509803,0.17647058823529413,0.2156862745098039
Con12,12,1.5 mm predicted (solid red),1,1.0 cm,ST28,51,14,6,0.27450980392156865,0.11764705882352941,0.15686274509803924
Con12,12,1.0 cm predicted (dashed red),0.15,0.15 cm (1.5 mm),ST31,51,22,25,0.43137254901960786,0.49019607843137253,-0.05882352941176466
Con12,12,1.0 cm predicted (dashed red),0.5,0.5 cm,ST31,51,15,18,0.29411764705882354,0.35294117647058826,-0.05882352941176472
Con12,12,1.0 cm predicted (dashed red),1,1.0 cm,ST31,51,12,10,0.23529411764705882,0.19607843137254902,0.0392156862745098
Con12,12,0 cm predicted (outside),0.15,0.15 cm (1.5 mm),ST34,51,20,27,0.39215686274509803,0.5294117647058824,-0.13725490196078433
Con12,12,0 cm predicted (outside),0.5,0.5 cm,ST34,51,10,23,0.19607843137254902,0.45098039215686275,-0.2549019607843137
Con12,12,0 cm predicted (outside),1,1.0 cm,ST34,51,8,17,0.1568627450980392,0.3333333333333333,-0.1764705882352941
Con12,12,0 cm predicted (outside),0.15,0.15 cm (1.5 mm),ST35,51,4,33,0.0784313725490196,0.6470588235294118,-0.5686274509803921
Con12,12,0 cm predicted (outside),0.5,0.5 cm,ST35,51,1,19,0.0196078431372549,0.37254901960784315,-0.35294117647058826
Con12,12,0 cm predicted (outside),1,1.0 cm,ST35,51,0,7,0,0.13725490196078433,-0.13725490196078433
Con12,12,0 cm predicted (outside),0.15,0.15 cm (1.5 mm),ST36,51,8,37,0.1568627450980392,0.7254901960784313,-0.5686274509803921
Con12,12,0 cm predicted (outside),0.5,0.5 cm,ST36,51,4,31,0.0784313725490196,0.6078431372549019,-0.5294117647058822
Con12,12,0 cm predicted (outside),1,1.0 cm,ST36,51,2,25,0.0392156862745098,0.49019607843137253,-0.4509803921568627
Con12,12,0 cm predicted (outside),0.15,0.15 cm (1.5 mm),ST38,51,11,36,0.21568627450980393,0.7058823529411765,-0.4901960784313726
Con12,12,0 cm predicted (outside),0.5,0.5 cm,ST38,51,5,23,0.09803921568627451,0.45098039215686275,-0.35294117647058826
Con12,12,0 cm predicted (outside),1,1.0 cm,ST38,51,1,13,0.0196078431372549,0.2549019607843137,-0.23529411764705882
Con12,12,0 cm predicted (outside),0.15,0.15 cm (1.5 mm),ST4,51,19,29,0.37254901960784315,0.5686274509803921,-0.196078431372549
Con12,12,0 cm predicted (outside),0.5,0.5 cm,ST4,51,12,22,0.23529411764705882,0.43137254901960786,-0.19607843137254904
Con12,12,0 cm predicted (outside),1,1.0 cm,ST4,51,7,15,0.13725490196078433,0.29411764705882354,-0.1568627450980392
Con12,12,0 cm predicted (outside),0.15,0.15 cm (1.5 mm),ST40,51,11,28,0.21568627450980393,0.5490196078431373,-0.33333333333333337
Con12,12,0 cm predicted (outside),0.5,0.5 cm,ST40,51,3,11,0.058823529411764705,0.21568627450980393,-0.1568627450980392
Con12,12,0 cm predicted (outside),1,1.0 cm,ST40,51,1,4,0.0196078431372549,0.0784313725490196,-0.058823529411764705
Con12,12,0 cm predicted (outside),0.15,0.15 cm (1.5 mm),ST45,51,15,26,0.29411764705882354,0.5098039215686274,-0.21568627450980388
Con12,12,0 cm predicted (outside),0.5,0.5 cm,ST45,51,5,12,0.09803921568627451,0.23529411764705882,-0.13725490196078433
Con12,12,0 cm predicted (outside),1,1.0 cm,ST45,51,2,4,0.0392156862745098,0.0784313725490196,-0.0392156862745098
Con12,12,1.5 mm predicted (solid red),0.15,0.15 cm (1.5 mm),ST5,51,32,15,0.6274509803921569,0.29411764705882354,0.3333333333333333
Con12,12,1.5 mm predicted (solid red),0.5,0.5 cm,ST5,51,19,9,0.37254901960784315,0.17647058823529413,0.19607843137254902
Con12,12,1.5 mm predicted (solid red),1,1.0 cm,ST5,51,5,7,0.09803921568627451,0.13725490196078433,-0.03921568627450982
Con20,20,0 cm predicted (outside),0.15,0.15 cm (1.5 mm),ST1,51,20,24,0.39215686274509803,0.47058823529411764,-0.0784313725490196
Con20,20,0 cm predicted (outside),0.5,0.5 cm,ST1,51,11,8,0.21568627450980393,0.1568627450980392,0.05882352941176472
Con20,20,0 cm predicted (outside),1,1.0 cm,ST1,51,4,3,0.0784313725490196,0.058823529411764705,0.0196078431372549
Con20,20,0 cm predicted (outside),0.15,0.15 cm (1.5 mm),ST2,51,11,33,0.21568627450980393,0.6470588235294118,-0.43137254901960786
Con20,20,0 cm predicted (outside),0.5,0.5 cm,ST2,51,7,23,0.13725490196078433,0.45098039215686275,-0.3137254901960784
Con20,20,0 cm predicted (outside),1,1.0 cm,ST2,51,2,12,0.0392156862745098,0.23529411764705882,-0.19607843137254902
Con20,20,1.0 cm predicted (dashed red),0.15,0.15 cm (1.5 mm),ST22,51,16,32,0.3137254901960784,0.6274509803921569,-0.3137254901960784
Con20,20,1.0 cm predicted (dashed red),0.5,0.5 cm,ST22,51,9,29,0.17647058823529413,0.5686274509803921,-0.392156862745098
Con20,20,1.0 cm predicted (dashed red),1,1.0 cm,ST22,51,6,22,0.11764705882352941,0.43137254901960786,-0.3137254901960784
Con20,20,1.5 mm predicted (solid red),0.15,0.15 cm (1.5 mm),ST28,51,18,29,0.35294117647058826,0.5686274509803921,-0.21568627450980388
Con20,20,1.5 mm predicted (solid red),0.5,0.5 cm,ST28,51,13,18,0.2549019607843137,0.35294117647058826,-0.09803921568627455
Con20,20,1.5 mm predicted (solid red),1,1.0 cm,ST28,51,9,8,0.17647058823529413,0.1568627450980392,0.019607843137254916
Con20,20,1.0 cm predicted (dashed red),0.15,0.15 cm (1.5 mm),ST31,51,19,29,0.37254901960784315,0.5686274509803921,-0.196078431372549
Con20,20,1.0 cm predicted (dashed red),0.5,0.5 cm,ST31,51,15,23,0.29411764705882354,0.45098039215686275,-0.1568627450980392
Con20,20,1.0 cm predicted (dashed red),1,1.0 cm,ST31,51,11,17,0.21568627450980393,0.3333333333333333,-0.11764705882352938
Con20,20,0 cm predicted (outside),0.15,0.15 cm (1.5 mm),ST34,51,19,29,0.37254901960784315,0.5686274509803921,-0.196078431372549
Con20,20,0 cm predicted (outside),0.5,0.5 cm,ST34,51,12,25,0.23529411764705882,0.49019607843137253,-0.2549019607843137
Con20,20,0 cm predicted (outside),1,1.0 cm,ST34,51,6,19,0.11764705882352941,0.37254901960784315,-0.2549019607843137
Con20,20,0 cm predicted (outside),0.15,0.15 cm (1.5 mm),ST35,51,8,28,0.1568627450980392,0.5490196078431373,-0.3921568627450981
Con20,20,0 cm predicted (outside),0.5,0.5 cm,ST35,51,1,18,0.0196078431372549,0.35294117647058826,-0.33333333333333337
Con20,20,0 cm predicted (outside),1,1.0 cm,ST35,51,0,6,0,0.11764705882352941,-0.11764705882352941
Con20,20,0 cm predicted (outside),0.15,0.15 cm (1.5 mm),ST36,51,15,32,0.29411764705882354,0.6274509803921569,-0.3333333333333333
Con20,20,0 cm predicted (outside),0.5,0.5 cm,ST36,51,10,23,0.19607843137254902,0.45098039215686275,-0.2549019607843137
Con20,20,0 cm predicted (outside),1,1.0 cm,ST36,51,5,13,0.09803921568627451,0.2549019607843137,-0.1568627450980392
Con20,20,0 cm predicted (outside),0.15,0.15 cm (1.5 mm),ST38,51,19,27,0.37254901960784315,0.5294117647058824,-0.1568627450980392
Con20,20,0 cm predicted (outside),0.5,0.5 cm,ST38,51,11,20,0.21568627450980393,0.39215686274509803,-0.1764705882352941
Con20,20,0 cm predicted (outside),1,1.0 cm,ST38,51,2,10,0.0392156862745098,0.19607843137254902,-0.1568627450980392
Con20,20,0 cm predicted (outside),0.15,0.15 cm (1.5 mm),ST4,51,20,30,0.39215686274509803,0.5882352941176471,-0.19607843137254904
Con20,20,0 cm predicted (outside),0.5,0.5 cm,ST4,51,15,23,0.29411764705882354,0.45098039215686275,-0.1568627450980392
Con20,20,0 cm predicted (outside),1,1.0 cm,ST4,51,8,17,0.1568627450980392,0.3333333333333333,-0.1764705882352941
Con20,20,0 cm predicted (outside),0.15,0.15 cm (1.5 mm),ST40,51,20,24,0.39215686274509803,0.47058823529411764,-0.0784313725490196
Con20,20,0 cm predicted (outside),0.5,0.5 cm,ST40,51,7,9,0.13725490196078433,0.17647058823529413,-0.0392156862745098
Con20,20,0 cm predicted (outside),1,1.0 cm,ST40,51,2,3,0.0392156862745098,0.058823529411764705,-0.0196078431372549
Con20,20,0 cm predicted (outside),0.15,0.15 cm (1.5 mm),ST45,51,15,28,0.29411764705882354,0.5490196078431373,-0.25490196078431376
Con20,20,0 cm predicted (outside),0.5,0.5 cm,ST45,51,6,10,0.11764705882352941,0.19607843137254902,-0.0784313725490196
Con20,20,0 cm predicted (outside),1,1.0 cm,ST45,51,2,6,0.0392156862745098,0.11764705882352941,-0.0784313725490196
Con20,20,1.5 mm predicted (solid red),0.15,0.15 cm (1.5 mm),ST5,51,36,12,0.7058823529411765,0.23529411764705882,0.4705882352941177
Con20,20,1.5 mm predicted (solid red),0.5,0.5 cm,ST5,51,29,8,0.5686274509803921,0.1568627450980392,0.4117647058823529
Con20,20,1.5 mm predicted (solid red),1,1.0 cm,ST5,51,9,7,0.17647058823529413,0.13725490196078433,0.0392156862745098
Con22,22,0 cm predicted (outside),0.15,0.15 cm (1.5 mm),ST1,51,27,20,0.5294117647058824,0.39215686274509803,0.13725490196078433
Con22,22,0 cm predicted (outside),0.5,0.5 cm,ST1,51,13,12,0.2549019607843137,0.23529411764705882,0.019607843137254888
Con22,22,0 cm predicted (outside),1,1.0 cm,ST1,51,5,3,0.09803921568627451,0.058823529411764705,0.0392156862745098
Con22,22,0 cm predicted (outside),0.15,0.15 cm (1.5 mm),ST2,51,17,29,0.3333333333333333,0.5686274509803921,-0.23529411764705882
Con22,22,0 cm predicted (outside),0.5,0.5 cm,ST2,51,6,21,0.11764705882352941,0.4117647058823529,-0.2941176470588235
Con22,22,0 cm predicted (outside),1,1.0 cm,ST2,51,1,11,0.0196078431372549,0.21568627450980393,-0.19607843137254904
Con22,22,1.0 cm predicted (dashed red),0.15,0.15 cm (1.5 mm),ST22,51,13,37,0.2549019607843137,0.7254901960784313,-0.47058823529411764
Con22,22,1.0 cm predicted (dashed red),0.5,0.5 cm,ST22,51,8,27,0.1568627450980392,0.5294117647058824,-0.37254901960784315
Con22,22,1.0 cm predicted (dashed red),1,1.0 cm,ST22,51,6,19,0.11764705882352941,0.37254901960784315,-0.2549019607843137
Con22,22,1.5 mm predicted (solid red),0.15,0.15 cm (1.5 mm),ST28,51,28,17,0.5490196078431373,0.3333333333333333,0.215686274509804
Con22,22,1.5 mm predicted (solid red),0.5,0.5 cm,ST28,51,17,9,0.3333333333333333,0.17647058823529413,0.15686274509803919
Con22,22,1.5 mm predicted (solid red),1,1.0 cm,ST28,51,10,7,0.19607843137254902,0.13725490196078433,0.05882352941176469
Con22,22,1.0 cm predicted (dashed red),0.15,0.15 cm (1.5 mm),ST31,51,19,26,0.37254901960784315,0.5098039215686274,-0.13725490196078427
Con22,22,1.0 cm predicted (dashed red),0.5,0.5 cm,ST31,51,14,22,0.27450980392156865,0.43137254901960786,-0.1568627450980392
Con22,22,1.0 cm predicted (dashed red),1,1.0 cm,ST31,51,8,16,0.1568627450980392,0.3137254901960784,-0.1568627450980392
Con22,22,0 cm predicted (outside),0.15,0.15 cm (1.5 mm),ST34,51,21,26,0.4117647058823529,0.5098039215686274,-0.0980392156862745
Con22,22,0 cm predicted (outside),0.5,0.5 cm,ST34,51,17,22,0.3333333333333333,0.43137254901960786,-0.09803921568627455
Con22,22,0 cm predicted (outside),1,1.0 cm,ST34,51,10,15,0.19607843137254902,0.29411764705882354,-0.09803921568627452
Con22,22,0 cm predicted (outside),0.15,0.15 cm (1.5 mm),ST35,51,12,26,0.23529411764705882,0.5098039215686274,-0.2745098039215686
Con22,22,0 cm predicted (outside),0.5,0.5 cm,ST35,51,4,17,0.0784313725490196,0.3333333333333333,-0.2549019607843137
Con22,22,0 cm predicted (outside),1,1.0 cm,ST35,51,1,4,0.0196078431372549,0.0784313725490196,-0.058823529411764705
Con22,22,0 cm predicted (outside),0.15,0.15 cm (1.5 mm),ST36,51,15,33,0.29411764705882354,0.6470588235294118,-0.35294117647058826
Con22,22,0 cm predicted (outside),0.5,0.5 cm,ST36,51,12,26,0.23529411764705882,0.5098039215686274,-0.2745098039215686
Con22,22,0 cm predicted (outside),1,1.0 cm,ST36,51,9,20,0.17647058823529413,0.39215686274509803,-0.2156862745098039
Con22,22,0 cm predicted (outside),0.15,0.15 cm (1.5 mm),ST38,51,19,26,0.37254901960784315,0.5098039215686274,-0.13725490196078427
Con22,22,0 cm predicted (outside),0.5,0.5 cm,ST38,51,10,20,0.19607843137254902,0.39215686274509803,-0.19607843137254902
Con22,22,0 cm predicted (outside),1,1.0 cm,ST38,51,2,10,0.0392156862745098,0.19607843137254902,-0.1568627450980392
Con22,22,0 cm predicted (outside),0.15,0.15 cm (1.5 mm),ST4,51,23,24,0.45098039215686275,0.47058823529411764,-0.019607843137254888
Con22,22,0 cm predicted (outside),0.5,0.5 cm,ST4,51,16,16,0.3137254901960784,0.3137254901960784,0
Con22,22,0 cm predicted (outside),1,1.0 cm,ST4,51,9,10,0.17647058823529413,0.19607843137254902,-0.019607843137254888
Con22,22,0 cm predicted (outside),0.15,0.15 cm (1.5 mm),ST40,51,14,27,0.27450980392156865,0.5294117647058824,-0.2549019607843137
Con22,22,0 cm predicted (outside),0.5,0.5 cm,ST40,51,5,10,0.09803921568627451,0.19607843137254902,-0.09803921568627451
Con22,22,0 cm predicted (outside),1,1.0 cm,ST40,51,1,2,0.0196078431372549,0.0392156862745098,-0.0196078431372549
Con22,22,0 cm predicted (outside),0.15,0.15 cm (1.5 mm),ST45,51,24,21,0.47058823529411764,0.4117647058823529,0.05882352941176472
Con22,22,0 cm predicted (outside),0.5,0.5 cm,ST45,51,14,11,0.27450980392156865,0.21568627450980393,0.05882352941176472
Con22,22,0 cm predicted (outside),1,1.0 cm,ST45,51,7,3,0.13725490196078433,0.058823529411764705,0.07843137254901962
Con22,22,1.5 mm predicted (solid red),0.15,0.15 cm (1.5 mm),ST5,51,24,23,0.47058823529411764,0.45098039215686275,0.019607843137254888
Con22,22,1.5 mm predicted (solid red),0.5,0.5 cm,ST5,51,14,11,0.27450980392156865,0.21568627450980393,0.05882352941176472
Con22,22,1.5 mm predicted (solid red),1,1.0 cm,ST5,51,3,5,0.058823529411764705,0.09803921568627451,-0.0392156862745098
Con24,24,0 cm predicted (outside),0.15,0.15 cm (1.5 mm),ST1,51,17,26,0.3333333333333333,0.5098039215686274,-0.1764705882352941
Con24,24,0 cm predicted (outside),0.5,0.5 cm,ST1,51,5,13,0.09803921568627451,0.2549019607843137,-0.1568627450980392
Con24,24,0 cm predicted (outside),1,1.0 cm,ST1,51,0,5,0,0.09803921568627451,-0.09803921568627451
Con24,24,0 cm predicted (outside),0.15,0.15 cm (1.5 mm),ST2,51,15,32,0.29411764705882354,0.6274509803921569,-0.3333333333333333
Con24,24,0 cm predicted (outside),0.5,0.5 cm,ST2,51,7,23,0.13725490196078433,0.45098039215686275,-0.3137254901960784
Con24,24,0 cm predicted (outside),1,1.0 cm,ST2,51,3,15,0.058823529411764705,0.29411764705882354,-0.23529411764705882
Con24,24,1.0 cm predicted (dashed red),0.15,0.15 cm (1.5 mm),ST22,51,12,36,0.23529411764705882,0.7058823529411765,-0.4705882352941177
Con24,24,1.0 cm predicted (dashed red),0.5,0.5 cm,ST22,51,10,30,0.19607843137254902,0.5882352941176471,-0.3921568627450981
Con24,24,1.0 cm predicted (dashed red),1,1.0 cm,ST22,51,6,22,0.11764705882352941,0.43137254901960786,-0.3137254901960784
Con24,24,1.5 mm predicted (solid red),0.15,0.15 cm (1.5 mm),ST28,51,10,33,0.19607843137254902,0.6470588235294118,-0.4509803921568628
Con24,24,1.5 mm predicted (solid red),0.5,0.5 cm,ST28,51,6,17,0.11764705882352941,0.3333333333333333,-0.2156862745098039
Con24,24,1.5 mm predicted (solid red),1,1.0 cm,ST28,51,2,8,0.0392156862745098,0.1568627450980392,-0.11764705882352941
Con24,24,1.0 cm predicted (dashed red),0.15,0.15 cm (1.5 mm),ST31,51,20,28,0.39215686274509803,0.5490196078431373,-0.15686274509803927
Con24,24,1.0 cm predicted (dashed red),0.5,0.5 cm,ST31,51,15,18,0.29411764705882354,0.35294117647058826,-0.05882352941176472
Con24,24,1.0 cm predicted (dashed red),1,1.0 cm,ST31,51,8,14,0.1568627450980392,0.27450980392156865,-0.11764705882352944
Con24,24,0 cm predicted (outside),0.15,0.15 cm (1.5 mm),ST34,51,20,26,0.39215686274509803,0.5098039215686274,-0.11764705882352938
Con24,24,0 cm predicted (outside),0.5,0.5 cm,ST34,51,14,22,0.27450980392156865,0.43137254901960786,-0.1568627450980392
Con24,24,0 cm predicted (outside),1,1.0 cm,ST34,51,10,13,0.19607843137254902,0.2549019607843137,-0.05882352941176469
Con24,24,0 cm predicted (outside),0.15,0.15 cm (1.5 mm),ST35,51,4,33,0.0784313725490196,0.6470588235294118,-0.5686274509803921
Con24,24,0 cm predicted (outside),0.5,0.5 cm,ST35,51,1,20,0.0196078431372549,0.39215686274509803,-0.37254901960784315
Con24,24,0 cm predicted (outside),1,1.0 cm,ST35,51,1,9,0.0196078431372549,0.17647058823529413,-0.1568627450980392
Con24,24,0 cm predicted (outside),0.15,0.15 cm (1.5 mm),ST36,51,12,36,0.23529411764705882,0.7058823529411765,-0.4705882352941177
Con24,24,0 cm predicted (outside),0.5,0.5 cm,ST36,51,8,28,0.1568627450980392,0.5490196078431373,-0.3921568627450981
Con24,24,0 cm predicted (outside),1,1.0 cm,ST36,51,4,22,0.0784313725490196,0.43137254901960786,-0.35294117647058826
Con24,24,0 cm predicted (outside),0.15,0.15 cm (1.5 mm),ST38,51,7,34,0.13725490196078433,0.6666666666666666,-0.5294117647058822
Con24,24,0 cm predicted (outside),0.5,0.5 cm,ST38,51,3,26,0.058823529411764705,0.5098039215686274,-0.4509803921568627
Con24,24,0 cm predicted (outside),1,1.0 cm,ST38,51,0,14,0,0.27450980392156865,-0.27450980392156865
Con24,24,0 cm predicted (outside),0.15,0.15 cm (1.5 mm),ST4,51,17,28,0.3333333333333333,0.5490196078431373,-0.215686274509804
Con24,24,0 cm predicted (outside),0.5,0.5 cm,ST4,51,15,22,0.29411764705882354,0.43137254901960786,-0.13725490196078433
Con24,24,0 cm predicted (outside),1,1.0 cm,ST4,51,10,13,0.19607843137254902,0.2549019607843137,-0.05882352941176469
Con24,24,0 cm predicted (outside),0.15,0.15 cm (1.5 mm),ST40,51,19,28,0.37254901960784315,0.5490196078431373,-0.17647058823529416
Con24,24,0 cm predicted (outside),0.5,0.5 cm,ST40,51,5,14,0.09803921568627451,0.27450980392156865,-0.17647058823529416
Con24,24,0 cm predicted (outside),1,1.0 cm,ST40,51,2,3,0.0392156862745098,0.058823529411764705,-0.0196078431372549
Con24,24,1.5 mm predicted (solid red),0.15,0.15 cm (1.5 mm),ST5,51,31,18,0.6078431372549019,0.35294117647058826,0.25490196078431365
Con24,24,1.5 mm predicted (solid red),0.5,0.5 cm,ST5,51,21,11,0.4117647058823529,0.21568627450980393,0.196078431372549
Con24,24,1.5 mm predicted (solid red),1,1.0 cm,ST5,51,11,6,0.21568627450980393,0.11764705882352941,0.09803921568627452
Con25,25,0 cm predicted (outside),0.15,0.15 cm (1.5 mm),ST1,51,14,30,0.27450980392156865,0.5882352941176471,-0.3137254901960784
Con25,25,0 cm predicted (outside),0.5,0.5 cm,ST1,51,9,14,0.17647058823529413,0.27450980392156865,-0.09803921568627452
Con25,25,0 cm predicted (outside),1,1.0 cm,ST1,51,3,5,0.058823529411764705,0.09803921568627451,-0.0392156862745098
Con25,25,0 cm predicted (outside),0.15,0.15 cm (1.5 mm),ST2,51,7,37,0.13725490196078433,0.7254901960784313,-0.588235294117647
Con25,25,0 cm predicted (outside),0.5,0.5 cm,ST2,51,3,24,0.058823529411764705,0.47058823529411764,-0.4117647058823529
Con25,25,0 cm predicted (outside),1,1.0 cm,ST2,51,2,14,0.0392156862745098,0.27450980392156865,-0.23529411764705885
Con25,25,1.0 cm predicted (dashed red),0.15,0.15 cm (1.5 mm),ST22,51,16,33,0.3137254901960784,0.6470588235294118,-0.33333333333333337
Con25,25,1.0 cm predicted (dashed red),0.5,0.5 cm,ST22,51,11,29,0.21568627450980393,0.5686274509803921,-0.3529411764705882
Con25,25,1.0 cm predicted (dashed red),1,1.0 cm,ST22,51,6,21,0.11764705882352941,0.4117647058823529,-0.2941176470588235
Con25,25,1.5 mm predicted (solid red),0.15,0.15 cm (1.5 mm),ST28,51,7,36,0.13725490196078433,0.7058823529411765,-0.5686274509803921
Con25,25,1.5 mm predicted (solid red),0.5,0.5 cm,ST28,51,2,22,0.0392156862745098,0.43137254901960786,-0.3921568627450981
Con25,25,1.5 mm predicted (solid red),1,1.0 cm,ST28,51,0,11,0,0.21568627450980393,-0.21568627450980393
Con25,25,1.0 cm predicted (dashed red),0.15,0.15 cm (1.5 mm),ST31,51,14,34,0.27450980392156865,0.6666666666666666,-0.392156862745098
Con25,25,1.0 cm predicted (dashed red),0.5,0.5 cm,ST31,51,9,30,0.17647058823529413,0.5882352941176471,-0.4117647058823529
Con25,25,1.0 cm predicted (dashed red),1,1.0 cm,ST31,51,7,22,0.13725490196078433,0.43137254901960786,-0.29411764705882354
Con25,25,0 cm predicted (outside),0.15,0.15 cm (1.5 mm),ST34,51,15,30,0.29411764705882354,0.5882352941176471,-0.29411764705882354
Con25,25,0 cm predicted (outside),0.5,0.5 cm,ST34,51,12,26,0.23529411764705882,0.5098039215686274,-0.2745098039215686
Con25,25,0 cm predicted (outside),1,1.0 cm,ST34,51,10,23,0.19607843137254902,0.45098039215686275,-0.2549019607843137
Con25,25,0 cm predicted (outside),0.15,0.15 cm (1.5 mm),ST35,51,4,32,0.0784313725490196,0.6274509803921569,-0.5490196078431373
Con25,25,0 cm predicted (outside),0.5,0.5 cm,ST35,51,1,18,0.0196078431372549,0.35294117647058826,-0.33333333333333337
Con25,25,0 cm predicted (outside),1,1.0 cm,ST35,51,0,5,0,0.09803921568627451,-0.09803921568627451
Con25,25,0 cm predicted (outside),0.15,0.15 cm (1.5 mm),ST36,51,5,44,0.09803921568627451,0.8627450980392157,-0.7647058823529412
Con25,25,0 cm predicted (outside),0.5,0.5 cm,ST36,51,2,32,0.0392156862745098,0.6274509803921569,-0.5882352941176471
Con25,25,0 cm predicted (outside),1,1.0 cm,ST36,51,1,27,0.0196078431372549,0.5294117647058824,-0.5098039215686274
Con25,25,0 cm predicted (outside),0.15,0.15 cm (1.5 mm),ST38,51,5,39,0.09803921568627451,0.7647058823529411,-0.6666666666666666
Con25,25,0 cm predicted (outside),0.5,0.5 cm,ST38,51,2,31,0.0392156862745098,0.6078431372549019,-0.5686274509803921
Con25,25,0 cm predicted (outside),1,1.0 cm,ST38,51,1,17,0.0196078431372549,0.3333333333333333,-0.3137254901960784
Con25,25,0 cm predicted (outside),0.15,0.15 cm (1.5 mm),ST4,51,13,32,0.2549019607843137,0.6274509803921569,-0.37254901960784315
Con25,25,0 cm predicted (outside),0.5,0.5 cm,ST4,51,10,23,0.19607843137254902,0.45098039215686275,-0.2549019607843137
Con25,25,0 cm predicted (outside),1,1.0 cm,ST4,51,7,14,0.13725490196078433,0.27450980392156865,-0.13725490196078433
Con25,25,0 cm predicted (outside),0.15,0.15 cm (1.5 mm),ST40,51,15,21,0.29411764705882354,0.4117647058823529,-0.11764705882352938
Con25,25,0 cm predicted (outside),0.5,0.5 cm,ST40,51,5,7,0.09803921568627451,0.13725490196078433,-0.03921568627450982
Con25,25,0 cm predicted (outside),1,1.0 cm,ST40,51,1,3,0.0196078431372549,0.058823529411764705,-0.0392156862745098
Con25,25,0 cm predicted (outside),0.15,0.15 cm (1.5 mm),ST45,51,13,30,0.2549019607843137,0.5882352941176471,-0.33333333333333337
Con25,25,0 cm predicted (outside),0.5,0.5 cm,ST45,51,3,15,0.058823529411764705,0.29411764705882354,-0.23529411764705882
Con25,25,0 cm predicted (outside),1,1.0 cm,ST45,51,1,7,0.0196078431372549,0.13725490196078433,-0.11764705882352942
Con25,25,1.5 mm predicted (solid red),0.15,0.15 cm (1.5 mm),ST5,51,22,25,0.43137254901960786,0.49019607843137253,-0.05882352941176466
Con25,25,1.5 mm predicted (solid red),0.5,0.5 cm,ST5,51,9,12,0.17647058823529413,0.23529411764705882,-0.05882352941176469
Con25,25,1.5 mm predicted (solid red),1,1.0 cm,ST5,51,5,6,0.09803921568627451,0.11764705882352941,-0.0196078431372549
